Number of blocks,Time,Algorithm
10,15.002727508544922,BEST
10,31.008005142211914,BEST
10,1680.5551052093506,BEST
10,29.006481170654297,BEST
10,2767.759084701538,BEST
10,622.1437454223633,BEST
10,8542.938470840454,BEST
10,702.1622657775879,BEST
10,95.02029418945312,BEST
10,108.02459716796875,BEST
